,dummy_sysid,ageagainstinstallation,RemainingTime,count,hour,Last_service,dummy_part_number
0,sys1420,11.18,7.214384963,12,5.5,0.150584885,0
2970,sys1041,11.13,0,14,0,3.156806779,0
5622,sys1393,11.12,9.941340342,20,1,4.142453302,0
40722,sys1529,11.11,7.145937288,12,0.56,0.156060699,1
43794,sys1789,11.04,0,4,0.7,3.1650205,1
44270,sys649,11.02,0,14,0,2.165684443,0
45926,sys2258,10.86,0,1,0.33,1.52775211,0
45927,sys1719,10.83,6.866670774,23,0,4.156142837,1
46361,sys1565,10.83,0,15,2.4,4.241017954,1
51025,sys710,10.8,0,12,1,1.149920943,0
56625,sys1148,10.78,0,9,0.16,0.16427442,0
56870,sys1418,10.78,0,12,0,0.235460003,0
57386,sys2272,10.77,6.811912633,1,0,3.041814685,0
57390,sys1741,10.72,0,8,2.5,3.24715771,0
58770,sys1485,10.66,0,22,0,7.16236473,0
60102,sys2132,10.66,0,6,0,4.167094465,0
60246,sys1883,10.55,5.084293312,19,0,2.151994907,0
75576,sys1523,10.53,5.062390056,22,2,1.169086292,1
76613,sys1519,10.52,6.562763096,19,0.35,2.157470722,0
84363,sys1486,10.52,5.059652149,12,0,2.162946536,1
90978,sys1914,10.52,5.051438428,52,0.97,2.236870025,0
94458,sys1881,10.51,5.048700521,17,0,3.244419803,0
98828,sys547,10.51,5.043224707,9,1.5,1.171824199,1
98990,sys2218,10.51,5.530572154,2,0,0.421637679,0
99011,sys1380,10.5,0,10,0.25,4.158880744,0
102336,sys2211,10.5,5.52509634,6,0,3.436073294,1
102364,sys1848,10.5,5.037748893,17,1.27,0.156060699,0
103132,sys1756,10.49,9.311621731,13,0,0.167012327,0
103216,sys1154,10.49,5.021321451,9,0,3.154068872,0
110346,sys1497,10.42,6.455984722,15,0.5,0.235460003,0
110654,sys1696,10.38,0,12,0,0.156060699,0
111536,sys1121,10.38,6.417654024,13,0.27,0.158798606,0
125936,sys1549,10.37,5.390938897,12,0,0.169750234,0
126508,sys1650,10.3,5.319753315,21,0,2.340910491,0
126844,sys1770,10.29,5.317015408,12,3.68,0.156060699,0
129773,sys1575,10.28,5.303325873,14,0,1.166348385,0
131093,sys827,10.28,4.815978425,17,0.5,5.155478894,0
133646,sys1629,10.26,5.284160523,11,1.41,1.169086292,0
142367,sys1646,10.26,4.794075169,13,0,1.23479606,0
147247,sys1713,10.26,5.281422616,14,0,2.236870025,0
149677,sys1796,10.26,5.278684709,12,0.37,0.153322792,0
151679,sys1462,10.26,5.278684709,8,0.33,6.168504487,0
168419,sys1686,10.25,6.291710302,14,1.25,5.169168429,0
168515,sys972,10.24,5.267733081,11,0.5,2.157470722,1
169481,sys807,10.24,0,17,0.5,2.165684443,0
189501,sys1745,10.23,5.254043546,9,0,1.149920943,1
190743,sys1203,10.07,0,13,3,7.148675195,0
190946,sys2150,10.05,5.076079591,8,0,3.156806779,0
191016,sys1786,10.03,4.569566795,10,0,1.330622805,0
191592,sys1844,10.03,5.054176335,13,0,4.227328419,0
192166,sys806,10.03,4.813240518,13,0,2.245083746,0
196080,sys1567,10.03,4.561353074,11,0.15,2.173898164,0
197712,sys1856,10.02,5.045962614,5,0,2.663983518,0
197737,sys1504,10.01,8.944742192,15,0,0.156060699,1
205657,sys1350,10,5.026797265,11,0.65,2.590060029,0
207658,sys1125,10,8.824274284,20,1.01,7.170578451,0
226971,sys2220,9.99,5.01310773,1,0,1.410022109,0
226974,sys1023,9.95,4.736579122,18,4,1.155396757,1
230884,sys920,9.93,4.471002142,8,0.65,3.236206082,0
230938,sys1878,9.92,4.941922148,11,4,2.16842235,0
231323,sys618,9.92,4.703724238,14,0.47,1.15265885,1
232394,sys2175,9.92,5.95494774,12,0.4,0.235460003,0
232422,sys2177,9.88,0,4,0,4.580518423,0
232482,sys1812,9.86,4.397078653,22,0,2.171160257,1
236706,sys834,9.85,4.63801447,11,0,4.23554214,0
241608,sys1706,9.84,4.859784937,10,0,2.171160257,0
245007,sys1573,9.81,5.850907274,12,1.5,1.15265885,1
257733,sys1872,9.8,4.585994237,17,2,9.155561031,0
269190,sys2286,9.77,4.796813076,28,0,4.421719816,1
269208,sys1566,9.76,5.801624948,11,0.64,3.143117244,0
273798,sys1729,9.76,4.783123541,10,3,2.151994907,0
277038,sys1709,9.76,4.293038187,10,0,4.169832372,0
278438,sys1001,9.76,4.542187725,11,0.39,1.149920943,0
290900,sys2236,9.75,4.539449818,9,0,1.059570012,0
290908,sys1561,9.68,8.610717537,10,0.75,0.150584885,0
291259,sys1348,9.62,4.158880744,8,0.33,1.319671177,1
291619,sys1481,9.62,4.646228191,7,0,0.23819791,0
291641,sys1645,9.6,8.534056141,17,0.83,4.150667023,0
292291,sys1690,9.59,0,16,1.08,1.155396757,1
292606,sys1597,9.58,8.514890792,10,0.67,4.150667023,1
292830,sys1129,9.57,4.353272141,12,6,2.247821653,0
292985,sys1548,9.55,0,12,0,7.145937288,0
293559,sys2433,9.55,4.336844699,2,0,2.620177006,0
293561,sys1888,9.54,4.07948144,8,0,0.183439769,0
293575,sys1762,9.53,4.55587726,59,0,1.314195363,0
298027,sys1857,9.53,5.850907274,38,0,4.150667023,0
300442,sys1564,9.52,3.926158648,14,0,0.150584885,0
308365,sys1174,9.52,4.303989815,11,0,3.159544686,1
308597,sys1227,9.52,5.555213317,9,0,0.249149538,0
312587,sys1469,9.52,3.917944927,14,3,2.151994907,0
326377,sys1487,9.51,4.295776094,7,0.08,2.16842235,0
326870,sys1992,9.51,4.533974004,10,0.37,3.416907945,0
326884,sys1585,9.51,4.295776094,14,5.86,2.256035374,0
327754,sys591,9.51,3.909731206,14,1.32,2.160208629,0
328570,sys1495,9.5,3.906993299,14,1.51,3.156806779,0
339970,sys2013,9.45,4.23554214,4,1.98,4.668131447,0
339977,sys1761,9.41,5.453910758,9,0,1.410022109,0
340037,sys1226,9.4,5.645564248,10,0.5,1.163610478,1
342017,sys2035,9.39,4.178046093,13,0.5,4.156142837,1
342107,sys1583,9.37,4.158880744,9,0.56,2.143781186,0
346536,sys1820,9.37,3.772835856,10,0.92,0.150584885,0
348226,sys1559,9.37,3.906993299,7,0.45,3.170496314,0
349522,sys1731,9.33,3.868662601,10,0,2.154732814,0
349690,sys1475,9.3,3.70438818,17,1.52,1.486683505,1
350086,sys2197,9.29,4.312203536,26,2,1.41823583,0
350455,sys1771,9.28,4.063053998,11,0,2.242345839,1
353214,sys1539,9.27,3.811166554,14,1.5,0.150584885,0
365373,sys1534,9.27,3.811166554,29,1.75,0.156060699,0
368690,sys1959,9.27,5.516882619,18,0.67,0.150584885,0
378601,sys1687,9.26,4.046626556,8,0.4,2.253297467,0
379261,sys1122,9.26,3.663319575,28,0.75,5.152740987,0
393130,sys1598,9.26,3.017173522,13,0,1.141707222,0
394810,sys1530,9.26,3.792001205,10,0.74,4.150667023,1
395558,sys1644,9.16,3.56749283,12,3,3.159544686,0
402908,sys1837,9.15,3.931634462,35,0,0.156060699,0
422258,sys1442,9.11,4.194473535,15,0,1.155396757,0
422398,sys1648,9.1,5.141789359,11,1,3.1650205,0
430478,sys818,9.08,4.104122603,12,0.14,3.321081199,0
430838,sys1898,9.05,3.452500736,11,0,3.167758407,0
433504,sys1612,9.02,4.104122603,9,0.97,4.142453302,0
435229,sys1607,9.02,3.419645852,21,0,0.150584885,0
442865,sys2205,9.01,2.770761891,4,11,3.537375853,1
442866,sys1814,9.01,3.414170038,13,1,1.147183036,0
445050,sys1479,9,4.087695161,32,1.83,4.23554214,1
445248,sys792,8.97,7.792083342,18,1.3,2.146519093,0
446064,sys902,8.96,5.202023313,9,3.5,4.241017954,0
446224,sys1443,8.94,3.726291437,13,0,0.156060699,0
446675,sys1654,8.88,3.808428647,8,0,4.156142837,0
447566,sys643,8.83,3.761884228,12,0.02,1.237533967,0
448140,sys1924,8.83,5.073341684,8,1.49,3.233468175,0
448200,sys2163,8.83,4.241017954,1,0,2.231394211,0
448236,sys1727,8.82,5.065127963,12,0,0.156060699,0
457196,sys1562,8.82,3.353936084,9,2.54,4.232804233,0
457430,sys1692,8.8,3.200613291,4,0,2.242345839,0
457437,sys1775,8.79,8.268479161,9,,1.149920943,0
458661,sys1718,8.78,3.186923756,3,4,3.48535562,0
458691,sys1527,8.78,8.263003347,17,0.5,0.167012327,0
462132,sys2478,8.78,4.520284469,13,4.75,1.013025593,1
462196,sys1668,8.78,5.883762158,10,4,3.236206082,0
466213,sys1538,8.78,8.257527533,9,0,4.172570279,0
467478,sys2287,8.76,3.159544686,3,0,1.399070481,0
467485,sys2381,8.75,4.487429584,2,0,0.88708187,1
467487,sys1305,8.72,3.121213988,13,0,1.229320246,0
468150,sys1584,8.71,3.734505158,24,0.5,0.150584885,0
469030,sys1494,8.69,2.444950957,7,0,4.142453302,0
469446,sys1757,8.68,4.72015168,18,0,0.150584885,0
476841,sys1932,8.66,4.90359145,15,0.35,4.232804233,0
477673,sys2038,8.66,4.700986331,6,1.44,3.586658179,0
477757,sys1581,8.64,8.12337009,18,0,3.24715771,1
485601,sys1791,8.62,3.408694224,3,0.42,1.530490017,0
485604,sys1965,8.6,2.998008173,12,1,1.141707222,0
490719,sys453,8.59,8.074087764,13,0.5,1.15265885,0
492199,sys1733,8.56,8.046708694,12,2.95,0.235460003,0
494695,sys1889,8.55,4.794075169,12,0,5.155478894,0
495431,sys1980,8.54,8.353354278,14,0.5,0.167012327,0
495887,sys1755,8.53,4.276610745,14,0.15,4.23554214,0
497612,sys1766,8.53,8.008377995,9,0,2.236870025,0
501932,sys1855,8.51,7.991950553,8,0.62,1.144445129,0
503864,sys1897,8.51,6.644900306,11,0.2,5.147265173,1
505404,sys1991,8.51,4.251969582,7,0,3.326557013,0
505575,sys2172,8.51,2.913133055,1,0.2,3.731767251,0
505576,sys1592,8.51,6.642162399,14,0,4.150667023,0
507276,sys1712,8.51,7.989212646,15,0,3.156806779,0
509434,sys1694,8.48,8.295858231,3,0,3.145855151,0
509723,sys1688,8.46,4.539449818,4,5,4.323155164,0
509745,sys1656,8.46,5.563427038,9,0,0.161536513,0
510270,sys1651,8.46,7.93993032,14,1.5,3.159544686,0
511510,sys2332,8.45,2.855637008,5,0.1,1.50037304,0
511518,sys1995,8.44,3.466190271,21,1.9,0.240935817,0
512490,sys1171,8.44,2.841947473,9,0.42,4.156142837,0
512526,sys1763,8.44,8.252051719,16,0,2.313531421,0
523929,sys2112,8.43,6.56823891,7,0,2.162946536,0
524013,sys2036,8.42,4.659917726,7,0,0.490085354,0
524149,sys2161,8.41,7.896123808,1,0,1.577034436,0
524153,sys1829,8.36,4.405292374,17,0.64,2.162946536,1
529319,sys1785,8.36,7.846841482,9,6.62,3.156806779,0
529917,sys1563,8.36,6.499791235,10,0,2.162946536,0
530286,sys1769,8.36,4.39981656,7,0,4.150667023,0
532768,sys1601,8.36,2.759810263,8,3,2.146519093,0
532906,sys1415,8.34,4.312203536,10,0,3.241681896,0
533470,sys1625,8.33,5.432007502,11,0.21,2.319007235,0
535134,sys1476,8.32,6.455984722,15,1,0.153322792,1
544066,sys1827,8.32,6.436819373,17,0,1.166348385,0
544141,sys1693,8.32,7.797559156,33,0,2.154732814,0
579237,sys1608,8.32,7.797559156,10,2,3.159544686,0
579685,sys1831,8.32,7.797559156,12,0,0.156060699,0
583195,sys1640,8.3,6.436819373,11,0,4.15340493,0
586660,sys2271,8.3,4.041150742,14,0,0.32033512,1
586762,sys1894,8.3,4.339582606,9,2,0.16427442,0
586852,sys1843,8.3,4.271134931,12,0.53,3.170496314,0
587188,sys1779,8.29,7.770180086,11,0,0.150584885,0
588772,sys1795,8.29,7.767442179,14,0,1.18003792,0
591172,sys1701,8.29,7.767442179,17,1.5,4.150667023,1
607360,sys1880,8.28,5.382725176,35,0,0.336762562,1
620256,sys1854,8.26,7.745538923,16,2.47,1.160872571,0
623853,sys1921,8.26,4.342320513,64,4.2,4.566828888,0
625629,sys1552,8.26,7.740063109,9,0.62,4.241017954,0
628905,sys1537,8.24,2.004147929,15,0,3.233468175,1
629031,sys1861,8.24,6.371109605,17,5,3.1650205,0
629911,sys1728,8.15,7.523768455,11,0,1.327884898,0
630353,sys1508,8.13,3.841283531,12,0,2.236870025,1
632441,sys1840,8.13,6.264331232,5,0,4.232804233,0
632672,sys1433,8.11,1.867252579,5,0,2.41483398,0
632810,sys860,8.11,7.589478223,17,0,7.143199381,0
633317,sys968,8.1,3.80569074,21,0.75,5.160954708,0
635337,sys2301,8.09,5.196547499,7,0,1.52775211,0
635470,sys923,8.09,7.901599622,11,0.06,4.150667023,0
644990,sys1630,8.09,5.191071685,13,0.63,3.156806779,1
646440,sys1675,8.09,7.901599622,5,0,4.761220285,0
646517,sys1334,8.08,6.212310999,15,0,0.156060699,0
652397,sys2049,8.07,6.206835185,2,0,3.400480503,0
652439,sys1747,8.07,7.553885432,13,0.25,2.162946536,0
653102,sys1595,8.07,6.187669836,37,3.5,2.338172584,0
653228,sys1482,8.07,5.174644243,13,0,0.249149538,0
654636,sys1243,8.06,7.874220552,13,0,1.15265885,0
656656,sys1600,8.06,6.190407743,9,0,1.155396757,0
657580,sys1677,8.04,5.144527266,8,0.74,4.158880744,0
660246,sys1632,8.04,7.521030548,10,0,4.257445396,1
662478,sys1865,8.04,3.126689802,18,0,0.153322792,0
662855,sys1609,8.03,7.51007892,11,0.58,1.147183036,0
665825,sys795,8.02,6.154814952,16,0.37,3.156806779,0
666991,sys1689,8.02,7.499127292,11,1,4.161618651,0
668335,sys1669,8.01,7.493651478,11,,2.231394211,0
669583,sys1752,8.01,7.490913571,4,0,0.577698378,0
669593,sys1451,8.01,7.490913571,9,0,3.230730268,0
670918,sys1571,8,7.37318357,9,0.66,3.326557013,0
671107,sys1871,7.94,6.078153556,21,4.08,4.232804233,0
678065,sys2373,7.93,6.069939834,2,1.54,0.112254187,0
678069,sys1100,7.93,6.069939834,20,0,5.15000308,0
704557,sys2212,7.92,7.406038454,1,0,2.376503282,0
704558,sys1661,7.92,4.536711911,9,0,4.150667023,0
709398,sys1038,7.91,3.655105854,15,0,1.155396757,0
710982,sys1441,7.9,5.182857964,5,4.5,2.319007235,0
711057,sys1219,7.9,5.002156102,11,0,1.325146991,0
712761,sys1682,7.86,3.570230737,10,0.88,0.150584885,0
713005,sys1735,7.85,5.971375182,9,3.16,0.158798606,1
716470,sys1790,7.85,3.589396086,34,0.02,2.16842235,0
720397,sys1503,7.84,7.657925899,22,,2.143781186,0
723779,sys2325,7.84,7.321163337,1,0,4.117812139,0
723785,sys1456,7.84,1.598937692,6,0.87,0.153322792,0
723861,sys1447,7.81,7.288308453,14,2,2.171160257,0
727173,sys1659,7.8,7.614119386,9,0.97,0.150584885,1
729063,sys1496,7.79,5.070603777,11,1.43,1.322409084,0
729105,sys2153,7.79,4.895377728,8,0,3.414170038,1
729805,sys1947,7.78,3.759146321,4,5,1.253961409,0
729853,sys1589,7.78,3.824856089,15,0,1.163610478,0
730648,sys706,7.78,7.600429851,8,0,2.154732814,1
732043,sys1946,7.78,7.594954037,8,0.6,6.256117511,0
732618,sys1939,7.77,4.876212379,16,0.5,2.151994907,1
732966,sys1635,7.72,7.206171242,17,0.29,3.156806779,0
734020,sys909,7.72,5.859120995,22,1,1.160872571,0
737135,sys1384,7.69,7.176054265,12,0.46,0.257363259,0
737407,sys797,7.68,3.425121666,5,0,2.143781186,0
737831,sys1933,7.65,5.787935413,23,0,6.253379604,0
737849,sys1850,7.65,5.785197506,17,4.75,3.159544686,0
739949,sys740,7.63,5.766032157,8,0.27,2.165684443,0
742363,sys1886,7.63,7.113082404,7,0.2,4.150667023,1
742723,sys2165,7.62,7.104868683,10,0.8,4.156142837,1
744550,sys742,7.62,7.433417524,13,1,3.24715771,0
745264,sys1983,7.61,7.091179148,7,0,3.43059748,0
745300,sys1949,7.6,3.345722363,12,0.05,6.239690069,0
746686,sys1777,7.6,4.703724238,9,0,1.166348385,0
747130,sys1611,7.59,5.711274017,51,0.14,3.32929492,0
747634,sys2193,7.58,4.684558889,8,2,0.156060699,0
747698,sys2296,7.56,4.66539354,2,0,2.954201661,0
747707,sys1956,7.56,5.694846575,15,0,0.153322792,0
748411,sys1846,7.54,7.022731473,15,1.77,2.16842235,0
750686,sys1797,7.53,5.664729597,11,1.25,5.147265173,0
752461,sys1723,7.53,7.011779845,35,0.26,3.241681896,0
756136,sys2376,7.53,5.66199169,2,1.5,0.492823261,0
756142,sys2322,7.52,5.659253783,7,0.73,0.492823261,0
756282,sys2187,7.52,7.003566124,4,0,0.498299075,0
756303,sys1695,7.52,3.263585152,27,0.03,3.156806779,0
766137,sys2416,7.52,4.624324935,7,0,4.487429584,0
766153,sys2033,7.52,3.761884228,10,2.5,0.246411631,0
766525,sys1699,7.52,5.651040062,15,0,0.23819791,0
777676,sys1800,7.52,5.651040062,14,0,3.162282593,0
786666,sys1341,7.51,3.600347714,9,4,3.1650205,1
788464,sys1594,7.51,4.618849121,12,0,4.243755861,0
793624,sys1748,7.51,3.252633524,7,0,2.245083746,0
793792,sys1994,7.51,3.252633524,9,0.03,1.158134664,0
793966,sys2406,7.49,6.973449147,1,0,4.224590512,0
793967,sys1736,7.48,3.556541202,16,0,1.319671177,1
799686,sys1937,7.46,5.590806108,4,0,3.56749283,0
799746,sys2081,7.45,3.531900039,4,0.23,3.011697708,0
799760,sys2059,7.44,4.547663539,2,4,1.210154897,0
799761,sys1834,7.44,3.184185849,16,0.03,1.23479606,0
804441,sys2183,7.4,5.514144712,3,0,4.246493768,0
804526,sys721,7.37,3.091097011,20,0.07,4.161618651,1
816046,sys1768,7.36,3.107524453,16,0,0.243673724,0
834058,sys969,7.36,3.085621197,8,0.03,3.173234221,0
834682,sys1578,7.36,3.107524453,8,0,3.154068872,0
834922,sys1715,7.36,3.107524453,13,0.34,0.249149538,1
836374,sys680,7.34,7.159626823,17,1,4.161618651,0
837193,sys2075,7.34,4.449098886,13,0,0.577698378,0
837556,sys2195,7.31,5.445697037,7,0,0.161536513,0
837668,sys1927,7.3,5.434745409,13,0,3.170496314,0
847836,sys1636,7.29,3.030863057,7,1.1,3.408694224,0
848056,sys1138,7.27,3.241681896,10,0,4.158880744,0
848131,sys1522,7.27,3.353936084,29,4,0.161536513,0
860283,sys655,7.26,7.08022752,8,1.37,4.150667023,0
860580,sys1824,7.26,3.34846027,11,0,2.151994907,0
862351,sys884,7.24,2.962415382,13,0,0.158798606,0
866082,sys1520,7.21,5.347132385,11,,2.236870025,1
866754,sys1484,7.2,5.330704943,12,0,0.172488141,1
866890,sys1620,7.18,3.225254454,7,0.67,1.338836526,0
866941,sys2324,7.18,2.904919334,9,0,2.162946536,1
867565,sys2095,7.18,6.560025189,1,0.27,3.854973066,0
867567,sys1022,7.18,2.896705613,13,4.35,0.156060699,0
871607,sys1444,7.17,2.891229799,19,0,5.169168429,0
878159,sys2010,7.16,5.300587966,17,0,0.169750234,0
878909,sys1627,7.12,2.839209566,4,0,4.246493768,0
879251,sys1087,7.12,6.935118449,10,0.15,4.150667023,0
880492,sys979,7.11,2.833733752,10,0,2.154732814,0
882988,sys1396,7.1,2.839209566,18,0,1.245747688,0
898396,sys1297,7.09,2.814568403,9,1,4.334106792,0
898792,sys1915,7.09,3.214302826,7,0,1.322409084,1
898824,sys1018,7.08,3.167758407,9,0,0.240935817,1
899040,sys870,7.07,2.78992724,23,2,2.16842235,1
900120,sys1807,7.06,5.996016345,10,2.11,3.156806779,0
903117,sys1532,7.06,6.543597747,18,1,0.156060699,0
904129,sys1710,7.04,3.115738174,21,0,0.418899772,1
904149,sys1716,7.01,2.7351691,13,0.93,1.396332574,0
906445,sys1951,7.01,3.091097011,1,0.6,0.40247233,0
906453,sys1516,7.01,5.147265173,17,0,0.235460003,0
912369,sys745,7,2.718741658,22,2,5.155478894,0
913058,sys462,6.98,2.705052123,15,0,1.15265885,0
924038,sys1618,6.98,5.111672382,4,0.3,0.150584885,0
924076,sys1929,6.95,4.791337262,22,0,2.236870025,0
946329,sys1966,6.95,3.025387243,16,0.27,1.169086292,0
951875,sys2048,6.94,4.219114698,4,0.03,1.404546295,0
951945,sys1784,6.94,3.025387243,10,1.5,1.253961409,1
955809,sys931,6.92,6.740727051,10,0.58,4.336844699,0
957209,sys1725,6.92,2.639342355,22,0,0.235460003,0
962756,sys912,6.92,2.639342355,5,0.07,1.251223502,0
962843,sys716,6.92,2.636604448,14,0,1.155396757,0
964323,sys2072,6.89,2.863850729,2,0,3.252633524,0
964895,sys1922,6.88,2.601011657,8,0,4.232804233,0
965490,sys1459,6.88,2.601011657,15,3.38,1.147183036,1
968040,sys1884,6.88,2.998008173,11,0,2.258773281,0
971066,sys1615,6.87,3.113000267,25,1.75,2.151994907,0
971451,sys2128,6.86,2.584584215,6,0,0.421637679,0
971543,sys2215,6.86,2.603749564,7,0.35,3.931634462,0
971546,sys1357,6.84,4.95834959,11,0,3.156806779,0
971924,sys1896,6.81,2.92682259,10,0,2.151994907,1
971952,sys2168,6.8,6.27528286,3,1.4,3.312867478,0
971956,sys1707,6.8,2.880278171,6,0,3.496307248,0
971968,sys1024,6.79,2.910395148,9,0.11,0.161536513,0
972176,sys2002,6.79,2.877540264,10,0,2.239607932,1
972257,sys1312,6.78,6.253379604,14,0,3.151330965,0
973097,sys1869,6.78,4.621587028,11,0.5,2.562680959,0
973133,sys673,6.76,2.486019562,13,,3.162282593,1
973823,sys1862,6.75,2.841947473,15,0.78,4.246493768,0
977435,sys1774,6.75,2.472330027,8,0.74,3.173234221,1
978421,sys1531,6.75,2.724217472,6,1.48,0.251887445,0
978772,sys1864,6.75,2.46959212,8,0,1.144445129,1
981584,sys1847,6.72,2.444950957,15,0,1.155396757,0
981881,sys2313,6.72,2.44221305,12,0,4.008295858,0
981885,sys2088,6.72,2.439475143,6,0.4,0.32033512,1
981933,sys605,6.71,4.558615167,10,0.4,3.227992361,0
982621,sys1448,6.71,2.431261422,34,0,1.155396757,0
995675,sys1866,6.7,2.820044217,2,0,0.153322792,0
995695,sys1002,6.7,2.81730631,10,1.32,4.241017954,0
995877,sys1617,6.66,4.509332841,16,0,1.155396757,0
998461,sys1471,6.66,2.746120728,16,0,3.1650205,1
999379,sys1726,6.64,2.726955379,14,0.13,2.151994907,0
1001929,sys719,6.61,2.335434677,15,0,1.155396757,0
1016237,sys1526,6.61,2.335434677,19,0,2.16842235,0
1018810,sys1672,6.61,2.699576309,7,2.01,1.41823583,0
1019626,sys1704,6.61,2.329958863,12,5,0.150584885,0
1020046,sys1943,6.6,2.718741658,10,0,3.159544686,0
1022601,sys2031,6.59,2.310793514,11,0.18,3.323819106,0
1023889,sys2069,6.58,6.053512392,7,3,0.167012327,0
1023994,sys1528,6.57,2.294366072,7,0,0.235460003,0
1024868,sys832,6.56,2.286152351,11,2.07,1.23479606,0
1029446,sys1783,6.56,2.644818169,10,0.09,0.158798606,0
1039490,sys1902,6.54,2.62565282,32,0.25,4.238280047,0
1052206,sys2276,6.53,2.253297467,1,0,0.284742329,0
1052218,sys1859,6.52,2.603749564,10,4,0.156060699,1
1052792,sys1920,6.52,2.636604448,10,0.69,3.241681896,0
1058072,sys1802,6.52,2.603749564,9,1,4.323155164,1
1058216,sys1746,6.52,2.236870025,11,0,1.155396757,0
1058888,sys1375,6.51,2.59827375,25,1.84,0.339500469,1
1059749,sys1967,6.5,2.225918397,7,0,0.156060699,0
1060541,sys1653,6.5,2.225918397,22,4,2.157470722,0
1065314,sys1954,6.48,5.95494774,6,0.22,2.409358166,0
1065364,sys1873,6.47,4.320417257,6,1.25,0.150584885,0
1070925,sys2086,6.46,4.301251908,34,2.9,2.154732814,0
1079714,sys1667,6.46,2.543515609,13,1,1.163610478,0
1081037,sys1868,6.45,2.535301888,11,0,0.150584885,0
1089997,sys2014,6.42,2.141043279,17,0,1.325146991,0
1090077,sys2093,6.42,4.536711911,7,0,3.241681896,0
1090092,sys2114,6.4,2.113664209,1,0,2.321745142,0
1090107,sys2127,6.4,2.113664209,1,0,1.106114431,0
1090128,sys2103,6.36,2.453164678,15,0,4.167094465,0
1090848,sys2145,6.36,2.486019562,12,4.5,1.166348385,0
1090876,sys1637,6.35,4.197211442,9,0,4.156142837,0
1093356,sys1893,6.34,2.431261422,7,0,2.173898164,0
1095278,sys2024,6.33,2.423047701,10,0.08,1.166348385,0
1097806,sys2304,6.33,4.175308186,5,0.65,4.503857026,0
1097884,sys1664,6.3,2.026051185,10,0.74,3.230730268,0
1101038,sys864,6.3,2.026051185,24,0.45,1.155396757,0
1102018,sys2249,6.29,2.381979096,15,0.75,0.16427442,0
1103362,sys1518,6.29,2.015099557,10,0,0.323073027,1
1104172,sys1890,6.29,4.139715395,4,0,4.336844699,0
1104312,sys2005,6.28,5.922092856,8,0,2.16842235,0
1104462,sys1919,6.27,2.395668631,11,1,3.156806779,0
1107794,sys2388,6.27,2.36007584,2,0,4.167094465,0
1107884,sys1972,6.27,1.990458394,7,0.54,1.166348385,1
1112828,sys1517,6.27,1.990458394,11,0.11,0.161536513,0
1113116,sys2219,6.26,1.051356291,10,0.08,2.84468538,0
1113130,sys1817,6.26,1.98498258,9,0.45,3.241681896,1
1115170,sys2310,6.26,1.976768859,1,0,2.661245611,0
1115173,sys1892,6.26,2.343648398,9,0,1.149920943,0
1115437,sys2129,6.26,2.376503282,18,0.72,1.144445129,0
1118437,sys1737,6.25,4.098646789,14,0.5,4.410768188,0
1118962,sys1558,6.24,1.963079324,13,0,2.151994907,0
1119480,sys875,6.23,1.952127696,12,0,2.143781186,1
1127760,sys735,6.23,2.313531421,16,0,0.167012327,0
1129860,sys2107,6.21,2.299841886,12,0.5,4.167094465,0
1131585,sys641,6.19,1.913796998,11,1.42,3.1650205,0
1137945,sys924,6.19,4.035674928,10,0.12,1.325146991,0
1138204,sys858,6.19,2.27793863,8,0,0.172488141,0
1138624,sys1818,6.17,2.256035374,9,0,3.156806779,0
1145540,sys2299,6.17,2.256035374,11,3,4.147929116,1
1146245,sys1591,6.16,2.253297467,13,4,3.312867478,1
1146385,sys1116,6.16,1.886417928,29,0.1,1.15265885,0
1147615,sys1810,6.15,1.8754663,17,0.22,3.170496314,1
1151907,sys888,6.15,1.8754663,9,0,2.143781186,0
1152424,sys1909,6.13,2.25055956,34,0,4.156142837,0
1158004,sys1345,6.12,2.204015141,15,0.5,3.1650205,0
1168093,sys1749,6.11,1.831659788,5,0.6,3.159544686,0
1168253,sys783,6.09,1.815232346,12,0.45,3.143117244,0
1172485,sys2306,6.09,1.812494439,2,0,3.145855151,0
1172581,sys686,6.09,1.812494439,20,0,0.156060699,1
1173673,sys1541,6.08,2.201277234,4,2.08,1.23479606,1
1173727,sys2443,6.08,2.165684443,2,2.35,1.74678467,0
1173728,sys2046,6.04,1.76595002,9,0,1.155396757,1
1174283,sys461,6.04,1.76595002,13,0,3.167758407,0
1178723,sys1877,6.03,2.12187793,8,4,1.237533967,0
1182143,sys1546,6.03,2.116402116,8,3.15,2.154732814,1
1182535,sys1639,6.02,2.108188395,7,1.5,0.16427442,0
1186595,sys1975,6.02,1.738570949,12,1,1.15265885,0
1191158,sys1996,6.02,1.738570949,12,0,4.161618651,0
1192040,sys2131,6.01,4.134239581,6,0.17,4.227328419,0
1192381,sys934,6.01,1.735833042,9,5.32,2.486019562,1
1193881,sys1806,6,2.089023046,10,1,0.150584885,0
1198102,sys1739,5.99,3.83306981,1,0,1.505848854,0
1198130,sys1458,5.99,3.83306981,12,0.07,3.170496314,1
1198250,sys935,5.98,1.700240251,11,0.19,4.23554214,0
1199195,sys891,5.98,3.824856089,14,0.51,0.169750234,0
1199645,sys1773,5.97,2.056168162,6,1.96,0.413423958,0
1199665,sys2166,5.96,1.681074902,3,0,3.252633524,0
1199677,sys2210,5.96,3.802952833,2,0,4.331368885,0
1199685,sys2138,5.95,3.794739112,2,0,1.177300013,0
1199693,sys663,5.95,1.667385367,9,0,3.159544686,0
1200398,sys2098,5.94,2.064381883,16,2.25,5.401890525,0
1200408,sys1916,5.94,2.064381883,10,3.46,1.243009781,1
1201968,sys1533,5.91,3.759146321,9,0.23,3.156806779,0
1202268,sys1711,5.89,3.734505158,1,0,3.151330965,0
1202538,sys1941,5.89,1.974030952,14,1.15,1.158134664,0
1203880,sys1691,5.88,1.601675599,9,0.3,0.16427442,0
1204110,sys1776,5.87,1.593461878,10,0,0.156060699,0
1208210,sys2026,5.87,3.718077715,2,0,3.143117244,0
1208254,sys2092,5.84,3.690698645,26,0.02,2.234132118,0
1208578,sys1977,5.83,1.922010719,10,0,2.491495376,0
1208758,sys2240,5.83,1.952127696,16,2,3.1650205,0
1208830,sys648,5.83,5.103458661,11,0,1.155396757,0
1209096,sys1673,5.83,1.549655366,11,3.5,0.156060699,1
1213525,sys1679,5.81,1.52775211,8,3.97,1.158134664,0
1215120,sys1430,5.8,5.270470988,10,0.75,3.148593058,0
1215378,sys2084,5.79,1.880942114,10,0.95,0.153322792,0
1218162,sys2277,5.79,3.638678412,7,0,4.575042609,0
1218168,sys661,5.79,5.06786587,6,0.47,1.15265885,0
1218448,sys1075,5.79,1.8754663,15,0,3.167758407,0
1233673,sys1870,5.79,1.8754663,6,0.64,0.23819791,0
1233808,sys1201,5.78,3.630464691,11,0.25,3.145855151,0
1233932,sys1849,5.77,1.494897226,9,1.75,0.16427442,0
1240432,sys1663,5.77,1.861776765,11,0,1.15265885,0
1240522,sys1832,5.77,1.894631649,12,0.02,1.155396757,0
1240576,sys2146,5.76,3.605823528,16,0,4.142453302,0
1241027,sys2066,5.76,3.603085621,8,0.43,4.227328419,0
1241267,sys1543,5.75,1.8754663,10,0,1.253961409,0
1241667,sys1751,5.75,1.872728393,10,1.12,2.162946536,0
1242889,sys1993,5.75,2.097236767,10,1.49,3.931634462,1
1244401,sys2238,5.75,5.793411227,2,0,2.157470722,0
1244413,sys2190,5.75,3.08288329,1,0,3.255371431,0
1244421,sys1999,5.72,2.828257938,18,0.04,1.149920943,0
1250826,sys1962,5.7,3.542851667,7,0,2.253297467,0
1251907,sys1958,5.67,3.51273469,13,3,3.312867478,1
1251931,sys1953,5.66,3.781049577,6,0,3.227992361,0
1252057,sys730,5.64,4.917280985,10,0,3.167758407,0
1252176,sys1891,5.63,1.672861181,10,2.49,2.412096073,0
1252406,sys1437,5.63,3.477141899,14,0.62,1.169086292,1
1252606,sys635,5.62,4.895377728,13,0,0.156060699,0
1257534,sys1744,5.61,4.887164007,8,5,2.247821653,0
1259809,sys2267,5.6,1.686550716,9,0,4.320417257,0
1260016,sys1676,5.58,1.623578855,8,0,3.395004689,0
1261612,sys2034,5.58,4.85704703,15,0,2.154732814,0
1268102,sys796,5.58,1.927486533,17,0.05,2.151994907,0
1273002,sys757,5.55,4.82966796,8,0.25,2.165684443,1
1273374,sys1708,5.54,1.886417928,1,0,0.358665818,0
1273399,sys1815,5.53,1.650957925,9,5.8,0.424375586,0
1273432,sys1900,5.52,3.364887712,51,4,3.156806779,0
1275280,sys2018,5.51,2.847423287,11,0,1.399070481,0
1277136,sys2446,5.5,3.351198177,7,2,0.240935817,1
1277166,sys1822,5.5,4.777647727,10,0.34,4.249231675,0
1278983,sys771,5.5,4.777647727,10,0,3.170496314,0
1279680,sys1652,5.5,4.323155164,19,1.1,0.161536513,0
1282272,sys1895,5.5,1.620840948,16,0,3.170496314,0
1282408,sys744,5.5,4.77490982,10,0.28,1.160872571,1
1282503,sys2171,5.5,3.345722363,20,1.25,3.154068872,0
1285611,sys1421,5.5,4.972039125,9,1.5,0.16427442,0
1285659,sys1662,5.47,1.817970253,2,0,4.336844699,0
1285713,sys1641,5.47,1.817970253,2,0,3.008959801,0
1286017,sys2000,5.46,4.739317029,4,0,3.151330965,0
1286179,sys2377,5.46,4.947397962,1,0,2.757072356,0
1286183,sys2149,5.4,1.749522577,8,0,4.39981656,0
1286271,sys810,5.4,1.483945598,8,0.75,0.167012327,0
1287657,sys1092,5.37,1.722143507,9,0,2.171160257,0
1288467,sys1666,5.37,1.7194056,12,1.85,3.312867478,0
1290209,sys1603,5.36,3.499045155,6,0,1.163610478,1
1291914,sys1634,5.35,1.702978158,12,0,4.158880744,0
1298058,sys586,5.35,1.07052164,13,0.5,1.155396757,0
1298714,sys2216,5.34,4.818716332,5,1,4.517546562,0
1298730,sys1547,5.33,5.026797265,14,0,0.240935817,0
1299864,sys1012,5.31,1.557869087,19,0.01,2.154732814,1
1300144,sys2292,5.31,3.154068872,4,0,3.143117244,0
1300339,sys2087,5.3,1.653695832,11,0.1,1.155396757,0
1300675,sys2260,5.3,1.645482111,6,6.6,3.326557013,0
1300773,sys1050,5.3,4.572304702,10,0,3.170496314,1
1301709,sys1986,5.29,3.140379337,16,2,0.328548841,1
1301730,sys2111,5.29,4.115074232,20,12,1.319671177,0
1306214,sys1734,5.29,4.566828888,10,0,1.155396757,0
1306454,sys2338,5.29,4.564090981,7,1.5,1.60988932,1
1306456,sys1685,5.28,1.626316762,7,0,3.501783062,0
1306528,sys2043,5.27,1.360739782,13,0.02,4.334106792,0
1308404,sys1981,5.27,4.544925632,10,0.3,2.157470722,0
1310964,sys1488,5.26,4.533974004,10,0.67,1.166348385,1
1313998,sys1071,5.26,4.533974004,10,0.03,0.16427442,0
1317868,sys2091,5.25,2.590060029,1,0,3.1650205,0
1317903,sys2008,5.25,2.587322122,3,2.5,4.490167491,0
1317908,sys2293,5.25,2.587322122,5,5.5,1.640006297,0
1317912,sys2137,5.25,0.971956987,13,1,4.328630978,0
1317951,sys2006,5.25,1.598937692,15,0.42,2.146519093,1
1319875,sys2079,5.25,3.096572825,14,1,4.580518423,0
1319907,sys2192,5.24,4.512070748,2,0,1.171824199,0
1319946,sys1876,5.21,1.563344901,13,0,3.400480503,0
1319991,sys819,5.21,4.490167491,17,0,1.15265885,0
1321104,sys921,5.2,1.549655366,10,3.63,2.171160257,0
1321809,sys1514,5.19,4.465526328,18,0.17,0.156060699,0
1323074,sys695,5.19,1.538703738,16,3,0.161536513,0
1324439,sys2102,5.19,2.52435026,11,0.5,3.241681896,0
1324994,sys850,5.15,4.42719563,8,1,2.146519093,1
1326544,sys1801,5.15,1.267650944,7,0,0.572222564,0
1326754,sys1602,5.14,1.492159319,10,0,1.171824199,0
1328914,sys1114,5.14,4.418981909,12,0.3,4.150667023,0
1338514,sys2011,5.14,2.984318638,10,0.65,1.158134664,0
1340789,sys732,5.12,4.394340746,14,0.34,2.154732814,0
1341615,sys2170,5.1,0.147846978,3,0.25,0.235460003,0
1341635,sys2201,5.1,0.147846978,1,0,0.739234892,0
1341636,sys812,5.09,4.777647727,10,0,2.335434677,0
1343850,sys1705,5.09,1.434663272,23,0.4,3.156806779,0
1343994,sys1063,5.08,4.356010048,12,0.63,2.253297467,1
1344982,sys1964,5.07,4.350534234,19,0.59,2.149257,0
1345642,sys2001,5.06,1.407284202,10,0.02,1.251223502,0
1345932,sys932,5.05,4.739317029,24,0.3,2.165684443,0
1346699,sys1998,5.04,4.320417257,5,1.5,1.166348385,0
1349504,sys2037,5.04,4.31767935,10,2,2.157470722,1
1359206,sys977,5.04,1.385380946,22,0,1.171824199,0
1361830,sys773,5.04,1.385380946,7,2.34,3.252633524,0
1361890,sys671,5.03,4.303989815,15,0,2.143781186,1
1363087,sys2275,5.03,3.364887712,4,0.45,4.777647727,0
1363091,sys1971,5.03,4.301251908,14,0.4,0.161536513,0
1366403,sys1987,5.02,3.646892133,13,0.07,3.326557013,1
1367075,sys1764,5.02,1.366215596,7,0,4.230066326,0
1367105,sys2351,5.01,2.346386305,8,0.12,0.235460003,1
1367305,sys1579,5.01,1.355263968,20,0.51,1.333360712,1
1367481,sys1721,5.01,2.343648398,12,3.25,2.231394211,0
1376533,sys2047,5,4.279348652,6,0.53,2.231394211,0
1376611,sys1510,5,4.695510517,11,0,2.162946536,0
1383267,sys2042,5,1.349788154,16,0.25,0.150584885,0
1383867,sys1788,5,4.276610745,7,0.54,2.154732814,0
1384343,sys1908,4.98,4.251969582,19,0.44,2.151994907,0
1386170,sys1449,4.97,3.107524453,13,3.75,3.249895617,0
1386520,sys2083,4.94,4.216376791,14,0,0.251887445,0
1393075,sys1570,4.92,4.197211442,13,0.75,2.154732814,0
1394424,sys637,4.92,4.197211442,21,0.02,1.160872571,0
1395849,sys908,4.91,1.256699316,5,0.05,1.166348385,0
1395945,sys2341,4.87,0.961005359,2,0.33,4.490167491,0
1395972,sys1875,4.87,2.206753048,8,0,1.415497923,0
1396567,sys1557,4.86,4.172570279,8,2.73,1.251223502,0
1398031,sys2256,4.85,2.190325606,10,6,0.843275358,0
1398037,sys1936,4.83,1.18003792,10,3.94,2.165684443,0
1400629,sys1799,4.83,0.536629773,8,3.01,4.227328419,0
1402282,sys1858,4.83,2.162946536,11,1.44,0.150584885,0
1414742,sys1935,4.82,2.154732814,8,0,0.169750234,0
1415354,sys854,4.81,4.082219347,10,0.08,1.166348385,1
1415669,sys2125,4.79,2.130091651,10,3.5,1.251223502,0
1416796,sys1670,4.79,1.138969315,12,0,4.572304702,0
1416996,sys2179,4.79,2.124615837,3,0,2.49697119,1
1417001,sys2321,4.79,2.124615837,8,0.32,4.34505842,0
1417025,sys2096,4.78,2.116402116,7,0.32,4.325893071,1
1417055,sys2009,4.78,1.12527978,27,0,3.1650205,0
1421477,sys2101,4.76,4.807764704,10,3.25,2.321745142,0
1423070,sys1968,4.76,1.106114431,8,0,2.403882352,0
1423629,sys2288,4.75,3.093834918,8,0,4.142453302,0
1423638,sys1446,4.75,4.027461207,23,0,2.143781186,0
1424327,sys1300,4.75,2.083547232,10,0.25,2.157470722,0
1424437,sys750,4.73,4.008295858,14,0,2.143781186,0
1424815,sys2196,4.71,3.050028406,2,0,1.147183036,0
1424980,sys2266,4.7,2.548991424,8,0.09,4.249231675,0
1424995,sys2156,4.69,1.040404663,12,0.62,1.147183036,0
1425291,sys1863,4.69,1.040404663,12,0.15,3.323819106,0
1425431,sys2136,4.66,3.934372369,12,2,3.159544686,0
1428941,sys2065,4.66,3.934372369,10,1,0.240935817,0
1432768,sys2134,4.66,3.934372369,42,0,4.161618651,0
1445809,sys2124,4.63,1.963079324,8,0,1.23479606,0
1447909,sys2118,4.62,0.971956987,8,0,3.238943989,0
1447920,sys981,4.62,3.898779578,13,0.25,2.417571887,0
1448292,sys2241,4.56,1.894631649,7,0,1.347050247,0
1448336,sys2280,4.55,1.886417928,9,0.65,0.235460003,0
1448401,sys2053,4.54,3.819380275,5,0.44,1.240271874,0
1448453,sys2140,4.51,0.856964893,21,0.26,3.241681896,0
1449902,sys2263,4.5,4.197211442,12,1.5,2.239607932,0
1453322,sys1901,4.5,0.851489079,11,1.23,0.150584885,0
1453502,sys1944,4.5,3.775573763,10,4.5,2.319007235,1
1453616,sys2080,4.5,0.848751172,13,2.25,2.154732814,1
1453814,sys1778,4.5,1.837135602,16,0,0.156060699,0
1461206,sys1700,4.5,0.848751172,6,0.92,1.158134664,0
1461454,sys1665,4.44,1.782377462,1,0,3.121213988,0
1461456,sys2450,4.41,0.495561168,2,0.02,1.74678467,0
1461458,sys2357,4.41,0.495561168,1,0.9,1.74678467,0
1461459,sys2400,4.41,0.495561168,2,1.15,3.285488408,0
1461465,sys2534,4.41,0.495561168,2,0.68,4.271134931,0
1461471,sys1955,4.35,0.703642101,7,0,0.167012327,0
1461604,sys2052,4.33,0.45723047,14,0.83,1.158134664,0
1463396,sys2371,4.32,0.665311403,1,0,0.498299075,0
1463405,sys2366,4.32,0.665311403,3,0.17,0.580436285,0
1463408,sys1794,4.31,0.662573496,8,2.36,0.336762562,0
1466768,sys1781,4.29,2.631128634,9,1.5,1.508586761,0
1466848,sys1931,4.27,1.60988932,5,0,4.147929116,0
1467280,sys2452,4.27,0.312121399,16,0,4.314941443,0
1467528,sys1660,4.26,3.534637946,15,0,0.156060699,1
1468056,sys2022,4.25,3.529162132,20,4,4.397078653,0
1468680,sys2162,4.21,1.549655366,11,6,1.171824199,0
1468922,sys2063,4.2,0.544843494,9,3.42,2.338172584,0
1468982,sys1798,4.18,3.876876322,5,1.5,2.228656304,0
1468992,sys1674,4.15,1.483945598,14,2,3.504520969,1
1471312,sys2077,4.04,3.315605385,23,3,3.159544686,0
1473362,sys2339,4.03,3.504520969,5,0.62,0.156060699,0
1473406,sys1867,4,1.341574433,8,0,0.150584885,0
1473472,sys1830,4,3.277274687,7,1.5,0.167012327,0
1474512,sys2121,4,2.335434677,14,1,3.501783062,0
1475052,sys1299,3.99,1.330622805,6,0,2.154732814,0
1475086,sys2110,3.92,0.26557698,9,0.84,0.175226048,0
1475222,sys2225,3.9,1.243009781,11,0.5,2.84468538,0
1475384,sys2227,3.81,1.15265885,10,0.5,0.235460003,0
1475681,sys2425,3.74,-0.213556747,17,0,2.340910491,0
1476140,sys2123,3.73,1.574296529,14,0.64,1.325146991,0
1476162,sys2396,3.64,0.980170709,1,0,1.336098619,0
1476232,sys2342,3.46,-0.501036982,3,0,1.995934208,1
1476233,sys2352,3.43,-0.216294654,13,0.18,3.156806779,0
1477304,sys1505,3.43,-0.476395819,6,1,0.161536513,0
1478580,sys2058,3.43,2.710527937,11,0,2.157470722,1
1479087,sys619,3.43,-0.843275358,18,6.75,2.151994907,0
1479967,sys1913,3.36,-0.919936754,4,1.2,0.509250703,0
1480030,sys2157,3.26,-0.698166287,7,0,0.418899772,1
1480222,sys1792,3,-0.922674661,6,0.5,0.169750234,0
1480252,sys2773,2.74,-1.212892804,2,0,1.508586761,0
1480268,sys2152,2.62,-0.038330698,5,2,2.242345839,0
1480298,sys2104,2.26,-1.388118853,12,9.13,2.151994907,1
1480792,sys2144,2.08,0.221770468,5,1.75,0.591387914,0
1481032,sys1963,2.07,-1.842611416,12,0.39,0.577698378,0
1481404,sys1989,2.01,-3.444287015,4,0,0.117730001,0
1481428,sys1904,2.01,-1.943913975,3,0,0.161536513,0
1481448,sys2176,1.92,0.550319308,8,0.05,0.251887445,0
1481503,sys1681,1.74,1.311457456,38,0,0.323073027,1
1482013,sys1754,1.6,0.91446094,6,2.25,0.410686051,0
1482193,sys2141,1.53,-0.325810934,9,0,0.410686051,0
1482463,sys2207,1.52,-3.548327481,5,1.5,1.243009781,0
1482591,sys1918,1.5,-2.455902585,3,0.86,1.497635133,0
1482606,sys2154,1.27,0.835061637,13,1,1.478469784,1
1484406,sys1930,1.26,0.83232373,6,1.62,0.503774889,1
1484502,sys2135,1.23,0.799468846,6,1,0.569484657,0
1484642,sys2369,1.2,0.769351869,17,0,0.279266515,1
1484750,sys2295,1.09,-0.279266515,18,0,1.314195363,0
1484760,sys2159,1,0.314859306,4,5,1.204679083,1
1484769,sys2345,1,-3.025387243,8,3.5,0.583174192,0
1484829,sys1982,0.96,0.531153959,8,0.5,0.240935817,1
1485485,sys1582,0.94,-2.935036311,1,0.25,0.717331636,0
1485486,sys1938,0.83,0.394258609,7,0,0.51198861,0
1485522,sys2437,0.8,-3.156806779,2,0,0.796730939,0
1485525,sys2109,0.71,0.279266515,4,0.23,0.503774889,0
1485535,sys2200,0.65,0.219032561,14,5,0.161536513,0
1485548,sys2214,0.64,-4.955611683,1,0,0.117730001,0
1485549,sys1647,0.58,0.147846978,9,0,0.246411631,1
0,sys2269,8.1,7.901599407,12,0.1,4.435409351,0
297,sys2029,10.3,5.076079369,15,0,4.251969582,0
747,sys2492,5.28,4.566828728,17,0,0.364141632,0
957,sys2477,5.54,4.917281151,11,0,3.162282593,0
3325,sys2032,7.52,5.659253597,17,0.75,4.156142837,1
10041,sys1990,9.96,5.045962811,8,0,3.238943989,0
10761,sys1388,9.5,5.555213451,12,0,0.246411631,0
22179,sys1596,9.14,4.046626568,6,0,2.266987002,0
22473,sys1473,9.08,3.931634426,19,0.28,0.172488141,0
26073,sys1261,7.78,7.600430012,6,0,2.165684443,0
28691,sys2229,6.78,6.253379822,4,0.25,3.526424225,0
28699,sys2232,6.76,2.442213058,5,0,4.487429584,0
28701,sys1819,6.76,4.558615208,7,5,3.520948411,0
28725,sys2380,3.75,-0.213556752,6,0,3.02812515,0
28735,sys1978,3.65,0.221770465,3,0,1.144445129,0
28753,sys1382,7.75,4.876212597,13,1,1.158134664,1
28906,sys1678,3.17,0.980170727,8,0.3,1.363477689,0
28963,sys2323,9.28,3.868662596,2,0,1.50037304,0
29019,sys1368,7.53,4.624324799,6,0,4.421719816,0
29604,sys1624,8.51,8.353354454,16,0.3,0.177963955,1
34582,sys1816,9.38,3.906993389,18,0,2.869326543,0
34621,sys1974,7.37,3.353936195,9,2.97,0.224508375,0
34637,sys2003,7.87,3.570230722,7,0.9,0.334024655,0
